City_ID,City,Country,Date,Lat,Lng,Max Temp,Humidity,Cloudiness,Wind Speed
0,Mafinga,TZ,2021-04-24 00:17:11,-7.25,35.0667,63.21,79,28,4.05
1,Mataura,NZ,2021-04-24 00:17:11,-46.1927,168.8643,55.0,81,76,3.0
2,Mar Del Plata,AR,2021-04-24 00:15:30,-38.0023,-57.5575,69.01,88,75,6.91
3,Hermanus,ZA,2021-04-24 00:16:27,-34.4187,19.2345,55.0,90,85,1.01
4,Norman Wells,CA,2021-04-24 00:17:12,65.282,-126.8329,33.8,37,75,14.97
5,Ushuaia,AR,2021-04-24 00:17:13,-54.8,-68.3,42.8,93,75,10.36
6,Busselton,AU,2021-04-24 00:15:59,-33.65,115.3333,64.0,72,95,1.99
7,Ribeira Grande,PT,2021-04-24 00:17:13,38.5167,-28.7,58.51,78,49,28.21
8,Comodoro Rivadavia,AR,2021-04-24 00:17:13,-45.8667,-67.5,50.0,81,0,4.61
9,Thunder Bay,CA,2021-04-24 00:16:52,48.4001,-89.3168,53.6,50,40,13.8
10,Kaitangata,NZ,2021-04-24 00:17:14,-46.2817,169.8464,57.0,69,51,1.01
11,Nikolskoye,RU,2021-04-24 00:16:03,59.7035,30.7861,37.0,86,40,2.24
12,Waitati,NZ,2021-04-24 00:17:14,-45.75,170.5667,53.8,75,77,2.89
13,Tuatapere,NZ,2021-04-24 00:17:14,-46.1333,167.6833,55.0,81,99,3.0
14,Atuona,PF,2021-04-24 00:17:15,-9.8,-139.0333,80.31,79,35,23.73
15,Patan,NP,2021-04-24 00:17:15,27.6667,85.3333,57.2,72,40,5.75
16,Saint-Philippe,RE,2021-04-24 00:17:15,-21.3585,55.7679,77.0,83,90,19.57
17,Arlit,NE,2021-04-24 00:17:15,18.7369,7.3853,83.64,7,75,6.04
18,Cockburn Town,TC,2021-04-24 00:17:06,21.4612,-71.1419,78.8,73,40,11.5
19,Quthing,LS,2021-04-24 00:17:16,-30.4,27.7003,46.04,78,0,2.82
20,Hasaki,JP,2021-04-24 00:17:16,35.7333,140.8333,61.0,63,20,3.44
21,Lieksa,FI,2021-04-24 00:17:16,63.3167,30.0167,28.22,97,60,4.21
22,Havelock,US,2021-04-24 00:17:17,34.8791,-76.9013,62.01,47,40,9.22
23,Vaini,TO,2021-04-24 00:17:17,-21.2,-175.2,86.0,74,20,6.91
24,Hovd,MN,2021-04-24 00:17:17,48.0056,91.6419,31.41,36,0,1.59
25,Puerto Ayora,EC,2021-04-24 00:17:18,-0.7393,-90.3518,77.0,95,43,5.01
26,Henties Bay,NA,2021-04-24 00:17:18,-22.116,14.2845,61.0,90,7,5.99
27,Rikitea,PF,2021-04-24 00:13:51,-23.1203,-134.9692,79.09,69,100,18.16
28,Inhambane,MZ,2021-04-24 00:17:19,-23.865,35.3833,66.96,87,73,4.63
29,Dawei,MM,2021-04-24 00:17:19,14.0833,98.2,79.63,86,99,1.14
30,Buraydah,SA,2021-04-24 00:17:19,26.326,43.975,77.0,20,0,8.05
31,Atar,MR,2021-04-24 00:17:20,20.5169,-13.0499,79.68,13,0,5.53
32,Carnarvon,AU,2021-04-24 00:16:43,-24.8667,113.6333,68.0,56,1,8.05
33,Bentiu,SS,2021-04-24 00:17:20,9.2333,29.8333,84.45,45,10,4.59
34,Qaanaaq,GL,2021-04-24 00:17:20,77.484,-69.3632,18.12,84,100,5.73
35,Abu Samrah,SY,2021-04-24 00:17:21,35.3029,37.1841,64.87,32,55,2.68
36,Bengkulu,ID,2021-04-24 00:15:53,-3.8004,102.2655,74.16,88,96,3.6
37,Carazinho,BR,2021-04-24 00:17:21,-28.2839,-52.7864,64.26,52,7,7.4
38,Punta Arenas,CL,2021-04-24 00:15:59,-53.15,-70.9167,44.6,93,40,3.44
39,Provideniya,RU,2021-04-24 00:17:21,64.3833,-173.3,41.07,52,67,4.7
40,Haines Junction,CA,2021-04-24 00:17:22,60.7522,-137.5108,51.8,22,8,4.61
41,Albany,US,2021-04-24 00:13:52,42.6001,-73.9662,55.4,37,1,9.22
42,Hualmay,PE,2021-04-24 00:17:22,-11.0964,-77.6139,66.87,89,25,8.57
43,Bredasdorp,ZA,2021-04-24 00:17:22,-34.5322,20.0403,50.0,93,95,2.75
44,Butaritari,KI,2021-04-24 00:15:17,3.0707,172.7902,82.38,76,96,8.39
45,Khatanga,RU,2021-04-24 00:17:23,71.9667,102.5,32.77,98,100,20.02
46,Zaysan,KZ,2021-04-24 00:17:23,47.4667,84.8667,29.46,64,89,9.28
47,Imbituba,BR,2021-04-24 00:17:23,-28.24,-48.6703,68.0,94,40,3.44
48,Traverse City,US,2021-04-24 00:17:24,44.7631,-85.6206,57.2,28,75,10.36
49,Kodiak,US,2021-04-24 00:15:32,57.79,-152.4072,41.0,81,90,5.75
50,Lompoc,US,2021-04-24 00:17:24,34.6391,-120.4579,59.0,63,1,16.11
51,Tuktoyaktuk,CA,2021-04-24 00:17:24,69.4541,-133.0374,17.6,73,75,9.22
52,Cape Town,ZA,2021-04-24 00:17:25,-33.9258,18.4232,59.0,82,0,9.22
53,Ust-Kulom,RU,2021-04-24 00:17:25,61.6864,53.6902,37.11,94,17,4.25
54,Pangnirtung,CA,2021-04-24 00:17:25,66.1451,-65.7125,32.99,86,100,4.38
55,Bluff,NZ,2021-04-24 00:17:25,-46.6,168.3333,55.0,81,87,3.0
56,Bubaque,GW,2021-04-24 00:17:26,11.2833,-15.8333,77.99,71,3,18.05
57,Yellowknife,CA,2021-04-24 00:14:13,62.456,-114.3525,16.0,57,75,10.36
58,Araouane,ML,2021-04-24 00:17:26,18.9048,-3.5265,86.7,11,1,5.14
59,Thompson,CA,2021-04-24 00:15:09,55.7435,-97.8558,26.6,39,40,12.66
60,Antalya,TR,2021-04-24 00:17:26,36.7741,30.7178,59.0,77,0,2.3
61,Dikson,RU,2021-04-24 00:17:27,73.5069,80.5464,32.2,97,100,16.37
62,Mahebourg,MU,2021-04-24 00:16:48,-20.4081,57.7,78.8,83,40,11.5
63,Pevek,RU,2021-04-24 00:17:27,69.7008,170.3133,16.12,86,54,0.38
64,Saint-Francois,FR,2021-04-24 00:17:27,46.4154,3.9054,42.01,75,0,3.44
65,Dingle,PH,2021-04-24 00:17:24,10.9995,122.6711,83.61,68,100,5.77
66,Mantua,IT,2021-04-24 00:17:28,45.1667,10.7833,53.01,85,0,1.01
67,Wamba,NG,2021-04-24 00:17:28,8.9333,8.6,76.5,71,98,2.35
68,Kapaa,US,2021-04-24 00:16:02,22.0752,-159.319,78.8,65,40,14.97
69,Ponta Do Sol,PT,2021-04-24 00:17:29,32.6667,-17.1,60.01,79,52,7.0
70,Huandacareo,MX,2021-04-24 00:17:29,19.9833,-101.2833,82.4,13,20,17.27
71,Kavieng,PG,2021-04-24 00:17:29,-2.5744,150.7967,81.66,75,97,3.76
72,Turinsk,RU,2021-04-24 00:17:29,58.0458,63.696,44.94,90,100,6.17
73,Sri Aman,MY,2021-04-24 00:17:30,1.2376,111.4621,77.0,94,20,1.61
74,Namtsy,RU,2021-04-24 00:17:30,62.7161,129.6658,26.6,68,75,11.18
75,Severo-Kurilsk,RU,2021-04-24 00:17:30,50.6789,156.125,37.4,88,97,7.9
76,Nelson Bay,AU,2021-04-24 00:17:31,-32.7167,152.15,64.0,59,96,12.66
77,Coquimbo,CL,2021-04-24 00:13:38,-29.9533,-71.3436,57.2,82,0,4.61
78,Privolzhye,RU,2021-04-24 00:17:31,52.8649,48.6044,46.29,87,100,2.8
79,Rolla,US,2021-04-24 00:17:31,37.9514,-91.7713,59.0,62,1,12.66
80,Rincon,US,2021-04-24 00:16:24,32.296,-81.2354,66.2,52,40,10.36
81,Port Elizabeth,ZA,2021-04-24 00:17:32,-33.918,25.5701,60.8,88,0,2.3
82,Flin Flon,CA,2021-04-24 00:17:32,54.7682,-101.865,30.2,37,40,9.22
83,Sao Filipe,CV,2021-04-24 00:17:32,14.8961,-24.4956,72.32,73,40,10.89
84,Yarmouth,US,2021-04-24 00:16:01,41.7057,-70.2286,50.0,61,1,11.5
85,Tiksi,RU,2021-04-24 00:17:01,71.6872,128.8694,12.99,86,99,9.55
86,Codrington,AU,2021-04-24 00:17:33,-38.2667,141.9667,58.84,77,100,11.34
87,Katsuura,JP,2021-04-24 00:17:33,35.1333,140.3,61.0,58,75,5.75
88,Georgetown,MY,2021-04-24 00:17:33,5.4112,100.3354,78.01,94,40,4.61
89,Uthal,PK,2021-04-24 00:17:34,25.8072,66.6219,79.68,64,0,1.66
90,Avera,US,2021-04-24 00:17:34,33.194,-82.5271,66.2,37,1,3.44
91,Yei,SS,2021-04-24 00:17:34,4.095,30.6779,66.09,94,78,3.8
92,Keti Bandar,PK,2021-04-24 00:17:35,24.1447,67.4497,80.28,77,0,9.78
93,Sitka,US,2021-04-24 00:17:35,57.0531,-135.33,60.8,21,20,13.8
94,Leshukonskoye,RU,2021-04-24 00:17:35,64.8989,45.7622,44.1,81,98,8.25
95,Kattivakkam,IN,2021-04-24 00:17:36,13.2167,80.3167,82.4,83,40,3.44
96,Zhenlai,CN,2021-04-24 00:17:36,45.8495,123.2973,47.3,29,100,15.32
97,Butiama,TZ,2021-04-24 00:17:37,-1.7667,33.9667,60.78,93,100,2.21
98,Mana,GF,2021-04-24 00:17:37,5.6592,-53.7767,77.41,89,100,11.5
99,Axim,GH,2021-04-24 00:17:37,4.8699,-2.2405,82.04,80,98,7.7
100,Fortuna,US,2021-04-24 00:16:30,40.5982,-124.1573,55.99,87,20,16.11
101,Jacksonville,US,2021-04-24 00:15:31,30.3322,-81.6556,70.0,68,75,14.97
102,Chokurdakh,RU,2021-04-24 00:17:38,70.6333,147.9167,6.46,86,55,1.43
103,Conde,BR,2021-04-24 00:17:38,-7.2597,-34.9075,78.8,89,20,5.75
104,Jamestown,US,2021-04-24 00:16:38,42.097,-79.2353,50.0,43,1,13.8
105,Castro,BR,2021-04-24 00:17:38,-24.7911,-50.0119,55.94,73,14,3.04
106,Iqaluit,CA,2021-04-24 00:17:39,63.7506,-68.5145,28.4,93,90,3.44
107,Sale,MA,2021-04-24 00:17:39,34.0389,-6.8166,64.0,94,75,1.83
108,Noumea,NC,2021-04-24 00:17:39,-22.2763,166.4572,84.2,61,0,3.44
109,Uchiza,PE,2021-04-24 00:17:40,-8.4592,-76.4633,71.17,98,20,2.57
110,Nakusp,CA,2021-04-24 00:17:40,50.2499,-117.8023,59.0,23,96,2.3
111,Puerto Carreno,CO,2021-04-24 00:17:41,6.189,-67.4859,90.66,48,85,6.55
112,Isangel,VU,2021-04-24 00:17:41,-19.55,169.2667,86.0,74,75,11.21
113,Qaqortoq,GL,2021-04-24 00:17:41,60.7167,-46.0333,39.2,65,3,2.3
114,Mount Isa,AU,2021-04-24 00:17:42,-20.7333,139.5,77.0,33,22,11.5
115,Cherskiy,RU,2021-04-24 00:17:42,68.75,161.3,24.13,92,100,4.85
116,Nicolas Bravo,MX,2021-04-24 00:17:43,18.45,-88.9167,82.99,69,40,13.8
117,Jackson,US,2021-04-24 00:17:44,42.4165,-122.8345,72.0,17,1,9.22
118,Port Keats,AU,2021-04-24 00:17:44,-14.25,129.55,80.64,28,99,13.47
119,Upernavik,GL,2021-04-24 00:16:36,72.7868,-56.1549,28.24,85,100,3.49
120,Turukhansk,RU,2021-04-24 00:17:44,65.8167,87.9833,26.13,93,26,13.8
121,Avarua,CK,2021-04-24 00:17:45,-21.2078,-159.775,82.4,74,40,20.71
122,Portland,US,2021-04-24 00:10:34,45.5234,-122.6762,62.01,41,90,6.91
123,Srednekolymsk,RU,2021-04-24 00:17:45,67.45,153.6833,13.77,92,100,19.8
124,Novyy Urengoy,RU,2021-04-24 00:17:45,66.0833,76.6333,34.27,99,100,10.33
125,Makakilo City,US,2021-04-24 00:17:46,21.3469,-158.0858,82.4,54,75,11.5
126,Massena,US,2021-04-24 00:15:04,44.9281,-74.8919,59.0,35,1,14.97
127,Barrow,US,2021-04-24 00:15:02,71.2906,-156.7887,24.8,80,1,5.75
128,Grand Gaube,MU,2021-04-24 00:17:46,-20.0064,57.6608,75.99,84,97,1.01
129,Hirara,JP,2021-04-24 00:17:46,24.8,125.2833,75.2,73,40,17.27
130,Balakovo,RU,2021-04-24 00:17:47,52.0278,47.8007,46.02,88,100,3.51
131,Kamenka,RU,2021-04-24 00:17:47,51.3223,42.7678,42.01,95,13,7.67
132,Cabo San Lucas,MX,2021-04-24 00:13:37,22.8909,-109.9124,82.4,57,20,11.5
133,Kaoma,ZM,2021-04-24 00:17:47,-14.7833,24.8,61.05,66,22,5.77
134,Baruun-Urt,MN,2021-04-24 00:17:48,46.6806,113.2792,39.4,26,57,15.41
135,Lata,PT,2021-04-24 00:17:37,40.1629,-8.3327,60.01,91,85,4.14
136,Salinopolis,BR,2021-04-24 00:17:31,-0.6136,-47.3561,78.8,86,74,8.9
137,Sipe Sipe,BO,2021-04-24 00:17:48,-17.45,-66.3833,68.0,40,40,4.61
138,Berdigestyakh,RU,2021-04-24 00:17:48,62.0989,126.6992,23.38,82,100,10.31
139,Kalas,IN,2021-04-24 00:17:49,18.1667,74.8,80.1,31,97,8.48
140,Saint-Augustin,CA,2021-04-24 00:16:40,51.226,-58.6502,32.32,97,100,14.72
141,Simao,CN,2021-04-24 00:17:49,22.7886,100.9748,70.23,46,1,1.03
142,Porto Santo,PT,2021-04-24 00:17:49,33.072,-16.3415,64.4,72,40,13.8
143,Faanui,PF,2021-04-24 00:17:50,-16.4833,-151.75,79.72,76,75,11.68
144,Bayanday,RU,2021-04-24 00:17:50,53.0661,105.5139,32.13,52,100,8.79
145,Hilo,US,2021-04-24 00:17:50,19.7297,-155.09,82.4,51,75,11.5
146,Russell,US,2021-04-24 00:17:51,32.3502,-85.1999,69.8,37,20,5.75
147,Port Alfred,ZA,2021-04-24 00:17:51,-33.5906,26.891,66.06,71,0,18.68
148,Bethel,US,2021-04-24 00:17:51,41.3712,-73.414,60.8,20,1,10.36
149,Hithadhoo,MV,2021-04-24 00:17:52,-0.6,73.0833,82.33,71,20,7.72
150,Namibe,AO,2021-04-24 00:17:52,-15.1961,12.1522,77.74,77,9,2.06
151,Banfora,BF,2021-04-24 00:17:53,10.6333,-4.7667,88.03,34,73,4.83
152,Dubbo,AU,2021-04-24 00:17:53,-32.25,148.6167,59.0,58,98,6.91
153,Hobart,AU,2021-04-24 00:17:54,-42.8794,147.3294,57.2,62,75,12.66
154,Constitucion,CL,2021-04-24 00:17:54,-35.3333,-72.4167,55.53,79,0,10.51
155,Mayumba,GA,2021-04-24 00:17:54,-3.432,10.6554,77.65,89,100,4.43
156,Umm Lajj,SA,2021-04-24 00:17:16,25.0213,37.2685,81.34,53,0,10.89
157,Pochutla,MX,2021-04-24 00:17:55,15.7432,-96.4661,82.99,65,90,9.22
158,Mopipi,BW,2021-04-24 00:17:56,-21.1833,24.8833,62.47,36,0,7.2
159,Juneau,US,2021-04-24 00:17:56,58.3019,-134.4197,60.8,18,20,9.22
160,Clyde River,CA,2021-04-24 00:17:57,70.4692,-68.5914,15.8,92,90,2.3
161,Caravelas,BR,2021-04-24 00:17:57,-17.7125,-39.2481,73.81,84,30,3.76
162,Ubon Ratchathani,TH,2021-04-24 00:17:57,15.1667,105.1667,78.8,89,20,4.61
163,Berlevag,NO,2021-04-24 00:17:58,70.8578,29.0864,33.33,79,75,12.97
164,Sembakung,ID,2021-04-24 00:17:58,3.8167,117.25,78.8,89,20,4.61
165,Delta Del Tigre,UY,2021-04-24 00:17:58,-34.7633,-56.3853,69.01,68,0,9.22
166,New Norfolk,AU,2021-04-24 00:17:59,-42.7826,147.0587,55.99,78,99,5.99
167,Winnemucca,US,2021-04-24 00:17:59,40.973,-117.7357,71.6,7,1,11.5
168,Vardo,NO,2021-04-24 00:17:59,70.3705,31.1107,34.61,66,85,11.05
169,Bayeux,BR,2021-04-24 00:18:00,-7.125,-34.9322,78.8,89,20,5.75
170,Kulhudhuffushi,MV,2021-04-24 00:18:00,6.6221,73.07,83.44,74,35,8.66
171,Mossendjo,CG,2021-04-24 00:18:00,-2.9506,12.7261,69.98,98,100,1.25
172,Port Macquarie,AU,2021-04-24 00:16:32,-31.4333,152.9167,70.0,54,43,1.99
173,Itaituba,BR,2021-04-24 00:18:01,-4.2761,-55.9836,72.81,95,57,2.3
174,Lazarev,RU,2021-04-24 00:18:01,52.225,141.5131,31.35,84,73,1.41
175,Sakakah,SA,2021-04-24 00:18:01,29.9697,40.2064,75.2,13,0,6.91
176,Korla,CN,2021-04-24 00:18:02,41.7597,86.1469,43.63,57,57,7.87
177,Baicheng,CN,2021-04-24 00:18:02,45.6167,122.8167,46.74,33,100,13.94
178,Saint-Joseph,RE,2021-04-24 00:16:25,-21.3667,55.6167,77.0,83,90,19.57
179,Sur,OM,2021-04-24 00:18:02,22.5667,59.5289,84.85,35,0,6.15
180,Lotofaga,WS,2021-04-24 00:18:03,-13.9764,-171.8578,87.8,79,75,3.44
181,Kosino,RU,2021-04-24 00:18:03,58.4127,51.2782,38.41,94,32,6.62
182,Ilinskiy,RU,2021-04-24 00:18:03,55.619,38.1182,42.01,93,90,8.95
183,Camana,PE,2021-04-24 00:18:04,-16.6228,-72.7111,67.75,80,28,7.38
184,Shimoda,JP,2021-04-24 00:17:51,34.6667,138.95,60.8,63,75,10.36
185,Cortez,US,2021-04-24 00:18:04,37.3489,-108.5859,62.6,16,1,13.8
186,Seoul,KR,2021-04-24 00:15:15,37.5683,126.9778,60.8,51,0,4.61
187,Ossora,RU,2021-04-24 00:18:04,59.2353,163.0719,32.65,95,100,7.05
188,Torbay,CA,2021-04-24 00:18:05,47.6666,-52.7314,37.99,93,75,18.41
189,Saint George,US,2021-04-24 00:15:09,37.1041,-113.5841,81.0,9,1,23.02
190,Cabra,ES,2021-04-24 00:18:05,37.4725,-4.4421,57.99,69,100,3.31
191,Tasiilaq,GL,2021-04-24 00:18:06,65.6145,-37.6368,37.4,52,75,18.41
192,Salinas,US,2021-04-24 00:15:49,36.6777,-121.6555,59.0,62,90,13.8
193,Mangai,CD,2021-04-24 00:18:06,-4.05,19.5333,68.9,99,100,1.63
194,Nago,JP,2021-04-24 00:18:07,26.5881,127.9761,69.8,88,90,14.97
195,Hofn,IS,2021-04-24 00:18:07,64.2539,-15.2082,44.49,78,100,4.29
196,Kodinar,IN,2021-04-24 00:18:07,20.7903,70.7031,79.59,75,96,9.98
197,Parga,GR,2021-04-24 00:18:08,39.2831,20.3964,59.0,82,75,10.36
198,Lebu,CL,2021-04-24 00:18:08,-37.6167,-73.65,52.95,92,19,6.35
199,Lujan,AR,2021-04-24 00:18:08,-34.5703,-59.105,62.01,99,99,1.99
200,Honningsvag,NO,2021-04-24 00:18:09,70.9821,25.9704,33.21,62,97,18.43
201,Lagoa,PT,2021-04-24 00:18:09,39.05,-27.9833,57.63,79,9,31.88
202,Coahuayana,MX,2021-04-24 00:18:09,18.7333,-103.6833,84.2,32,1,11.5
203,Saskylakh,RU,2021-04-24 00:18:10,71.9167,114.0833,33.87,96,100,20.94
204,Tual,ID,2021-04-24 00:18:10,-5.6667,132.75,83.37,76,76,14.52
205,Sokoni,TZ,2021-04-24 00:18:10,-6.4333,39.55,80.6,78,75,11.5
206,Llata,PE,2021-04-24 00:18:11,-9.4167,-76.7833,53.24,93,98,3.36
207,Cherdyn,RU,2021-04-24 00:18:11,60.403,56.4787,37.49,97,100,3.42
208,Kavaratti,IN,2021-04-24 00:17:22,10.5669,72.642,84.22,69,28,6.6
209,Kruisfontein,ZA,2021-04-24 00:18:11,-34.0033,24.7314,59.0,92,22,1.01
210,Soure,BR,2021-04-24 00:18:12,-0.7167,-48.5233,77.86,87,72,7.47
211,Airai,TL,2021-04-24 00:18:12,-8.9266,125.4092,67.96,64,12,3.11
212,Guerrero Negro,MX,2021-04-24 00:16:43,27.9769,-114.0611,62.6,65,8,22.15
213,Kenai,US,2021-04-24 00:15:10,60.5544,-151.2583,57.2,30,1,8.05
214,Andijon,UZ,2021-04-24 00:18:12,40.7821,72.3442,48.0,86,33,14.0
215,Kemijarvi,FI,2021-04-24 00:18:13,66.7131,27.4306,28.99,95,100,13.73
216,Fuyang,CN,2021-04-24 00:18:13,32.9,115.8167,56.39,86,100,14.94
217,Skelleftea,SE,2021-04-24 00:18:13,64.7507,20.9528,32.0,93,90,17.27
218,Sarangani,PH,2021-04-24 00:18:14,5.4033,125.4636,83.88,73,59,14.54
219,Bari,IT,2021-04-24 00:18:14,41.1177,16.8512,55.99,100,40,4.61
220,Dunedin,NZ,2021-04-24 00:18:14,-45.8742,170.5036,53.31,73,75,3.2
221,Aberdeen,GB,2021-04-24 00:13:29,57.1437,-2.0981,37.99,93,99,1.14
222,Marandahalli,IN,2021-04-24 00:18:15,12.4,78.0,77.07,73,89,0.65
223,Boguchany,RU,2021-04-24 00:18:15,58.3814,97.4531,33.21,81,51,3.04
224,Aksarka,RU,2021-04-24 00:18:15,66.5606,67.7975,28.89,95,65,7.2
225,Leh,IN,2021-04-24 00:18:16,34.1667,77.5833,20.25,62,98,6.93
226,Bardiyah,LY,2021-04-24 00:18:16,31.7561,25.0865,62.26,65,46,11.32
227,Yazykovo,RU,2021-04-24 00:18:16,55.2199,56.1353,43.5,94,100,9.53
228,Khandyga,RU,2021-04-24 00:18:17,62.6667,135.6,21.0,74,70,4.68
229,Ilulissat,GL,2021-04-24 00:18:17,69.2167,-51.1,33.8,60,100,9.22
230,Richards Bay,ZA,2021-04-24 00:18:17,-28.783,32.0377,65.23,72,89,14.7
231,Notse,TG,2021-04-24 00:18:18,6.95,1.1667,77.38,89,94,5.7
232,Bonthe,SL,2021-04-24 00:18:18,7.5264,-12.505,79.88,84,100,6.64
233,Bowen,AU,2021-04-24 00:18:18,-20.0167,148.2333,69.8,94,90,10.36
234,Iquitos,PE,2021-04-24 00:18:19,-3.7481,-73.2472,77.0,94,40,3.44
235,Sogne,NO,2021-04-24 00:18:19,58.0833,7.8167,41.0,41,8,6.91
236,Olavarria,AR,2021-04-24 00:18:19,-36.8927,-60.3225,60.01,98,100,4.97
237,College,US,2021-04-24 00:15:33,64.8569,-147.8028,59.0,26,20,8.05
238,Alcudia,ES,2021-04-24 00:18:20,39.8532,3.1214,53.01,88,62,3.22
239,Lavumisa,SZ,2021-04-24 00:18:20,-27.31,31.892,57.78,90,19,3.15
240,Pacific Grove,US,2021-04-24 00:18:20,36.6177,-121.9166,59.0,58,75,10.36
241,Narsaq,GL,2021-04-24 00:18:20,60.9167,-46.05,39.2,65,1,2.3
242,Ambilobe,MG,2021-04-24 00:18:21,-13.2,49.05,71.02,86,89,2.86
243,Machico,PT,2021-04-24 00:18:21,32.7,-16.7667,62.6,72,20,2.3
244,Bongandanga,CD,2021-04-24 00:18:21,1.5,21.05,70.7,98,100,2.3
245,Yong Peng,MY,2021-04-24 00:18:22,2.0136,103.0659,76.82,89,100,1.63
246,Broome,US,2021-04-24 00:18:22,42.2506,-75.833,51.8,35,1,6.91
247,Kalabo,ZM,2021-04-24 00:17:42,-14.97,22.6814,65.16,55,11,4.45
248,Gudari,IN,2021-04-24 00:18:22,19.35,83.7833,77.94,70,68,0.56
249,Along,IN,2021-04-24 00:18:23,28.1667,94.7667,64.53,79,45,2.21
250,General Pico,AR,2021-04-24 00:18:23,-35.6566,-63.7568,61.99,91,89,5.37
251,Norrtalje,SE,2021-04-24 00:18:23,59.758,18.705,39.0,36,69,3.0
252,Port Hawkesbury,CA,2021-04-24 00:15:02,45.6169,-61.3485,39.0,81,90,8.05
253,Teguldet,RU,2021-04-24 00:18:24,57.3064,88.1667,31.06,90,76,4.92
254,Cervo,ES,2021-04-24 00:18:24,43.6702,-7.4101,59.0,88,99,1.01
255,Werda,BW,2021-04-24 00:18:24,-25.2667,23.2833,64.36,30,0,2.62
256,Ca Mau,VN,2021-04-24 00:18:25,9.1769,105.15,79.77,82,100,3.74
257,Pisco,PE,2021-04-24 00:18:25,-13.7,-76.2167,66.2,82,0,10.36
258,Mount Gambier,AU,2021-04-24 00:18:11,-37.8333,140.7667,57.2,94,75,8.05
259,Laguna,US,2021-04-24 00:18:25,38.421,-121.4238,77.0,37,1,13.8
260,Zemio,CF,2021-04-24 00:18:26,5.0314,25.1361,68.86,98,70,4.12
261,Bosansko Grahovo,BA,2021-04-24 00:18:26,44.1794,16.3639,34.0,59,5,21.0
262,Changuinola,PA,2021-04-24 00:18:26,9.4333,-82.5167,77.34,84,87,1.34
263,Liverpool,GB,2021-04-24 00:16:59,53.4106,-2.9779,50.0,57,0,9.22
264,Lethem,GY,2021-04-24 00:18:27,3.3803,-59.7968,81.25,68,79,11.14
265,Rio Gallegos,AR,2021-04-24 00:16:48,-51.6226,-69.2181,50.0,66,75,4.61
266,Wilmington,US,2021-04-24 00:13:43,34.2257,-77.9447,63.0,42,1,9.22
267,Evensk,RU,2021-04-24 00:18:27,61.95,159.2333,31.96,98,100,13.51
268,Asfi,MA,2021-04-24 00:16:10,32.2994,-9.2372,63.64,92,68,4.61
269,Salalah,OM,2021-04-24 00:17:09,17.0151,54.0924,82.4,74,40,3.44
270,San Rafael,AR,2021-04-24 00:18:28,-34.6177,-68.3301,61.81,61,0,4.63
271,Fowa,NG,2021-04-24 00:18:28,8.9167,6.4,79.3,70,73,5.46
272,Southbridge,US,2021-04-24 00:18:28,42.0751,-72.0334,52.0,28,1,11.5
273,Swift Current,CA,2021-04-24 00:15:03,50.2834,-107.8014,35.6,27,20,3.44
274,Sakaiminato,JP,2021-04-24 00:18:29,35.55,133.2333,59.0,82,75,3.44
275,Mirnyy,RU,2021-04-24 00:18:29,62.5353,113.9611,29.68,88,90,10.89
276,Carupano,VE,2021-04-24 00:18:29,10.6678,-63.2585,77.65,86,36,14.09
277,Bandar,ID,2021-04-24 00:17:07,2.05,99.75,72.97,97,100,1.86
278,Krasnoselkup,RU,2021-04-24 00:18:30,65.7,82.4667,29.44,90,90,16.6
279,Saldanha,ZA,2021-04-24 00:18:30,-33.0117,17.9442,53.6,82,74,3.44
280,Alekseyevsk,RU,2021-04-24 00:18:30,57.8406,108.3492,33.93,84,63,1.43
281,Fasa,IR,2021-04-24 00:18:31,28.9383,53.6482,64.4,36,0,3.98
282,Kolda,SN,2021-04-24 00:18:31,12.8833,-14.95,81.12,41,19,6.8
283,Nador,MA,2021-04-24 00:18:31,35.174,-2.9287,62.6,82,90,12.66
284,East London,ZA,2021-04-24 00:16:20,-33.0153,27.9116,63.59,75,4,8.57
285,Moree,AU,2021-04-24 00:18:32,-29.4667,149.85,68.0,40,12,2.3
286,Muros,ES,2021-04-24 00:18:32,42.7762,-9.0603,60.01,94,77,1.99
287,Kahului,US,2021-04-24 00:18:32,20.8947,-156.47,82.4,47,40,26.46
288,Vila Franca Do Campo,PT,2021-04-24 00:18:33,37.7167,-25.4333,57.2,72,20,12.66
289,Tarko-Sale,RU,2021-04-24 00:18:33,64.9225,77.785,36.0,72,94,13.29
290,Olafsvik,IS,2021-04-24 00:18:33,64.8945,-23.7142,43.54,93,100,12.28
291,Qeshm,IR,2021-04-24 00:18:34,26.9581,56.2719,75.2,73,37,6.91
292,Siderno,IT,2021-04-24 00:18:34,38.2779,16.302,55.99,100,90,9.22
293,Fort Nelson,CA,2021-04-24 00:15:09,58.8053,-122.7002,35.6,41,75,5.75
294,Batagay-Alyta,RU,2021-04-24 00:18:34,67.8006,130.4114,12.0,77,11,3.51
295,Port Lincoln,AU,2021-04-24 00:18:35,-34.7333,135.8667,62.35,63,67,6.06
296,Arak,IR,2021-04-24 00:18:35,34.0917,49.6892,59.92,48,98,1.74
297,Areosa,PT,2021-04-24 00:18:35,41.7178,-8.8571,60.01,94,75,8.05
298,Kolosovka,RU,2021-04-24 00:18:35,56.4678,73.611,32.23,67,84,7.43
299,Progreso,MX,2021-04-24 00:18:36,21.2833,-89.6667,93.2,33,1,14.97
300,Nantucket,US,2021-04-24 00:18:36,41.2835,-70.0995,46.4,71,1,21.85
301,Lexington,US,2021-04-24 00:15:04,37.9887,-84.4777,53.6,54,1,8.05
302,Atambua,ID,2021-04-24 00:18:36,-9.1061,124.8925,77.81,68,16,2.64
303,Seymchan,RU,2021-04-24 00:18:37,62.8833,152.4333,17.02,79,100,16.96
304,Trairi,BR,2021-04-24 00:18:37,-3.2778,-39.2689,78.35,83,91,6.96
305,Bosanska Gradiska,BA,2021-04-24 00:18:37,45.1411,17.25,42.01,87,0,2.3
306,Sabha,LY,2021-04-24 00:18:38,27.0377,14.4283,81.88,13,47,7.96
307,Batagay,RU,2021-04-24 00:18:38,67.6333,134.6333,13.51,87,83,2.08
308,Dharchula,IN,2021-04-24 00:17:13,29.85,80.5333,52.2,72,42,9.19
309,Contai,IN,2021-04-24 00:18:38,21.7786,87.7536,79.48,65,43,9.62
310,Les Cayes,HT,2021-04-24 00:18:39,18.2,-73.75,76.59,80,20,4.85
311,Springbok,ZA,2021-04-24 00:18:39,-29.6643,17.8865,63.46,46,1,2.62
312,Poum,NC,2021-04-24 00:18:39,-20.2333,164.0167,79.68,76,95,5.79
313,Alice Springs,AU,2021-04-24 00:14:21,-23.7,133.8833,64.4,42,0,11.5
314,Rurrenabaque,BO,2021-04-24 00:18:40,-14.4413,-67.5278,80.6,94,20,1.95
315,Geraldton,AU,2021-04-24 00:16:00,-28.7667,114.6,64.4,63,75,6.91
316,Chuy,UY,2021-04-24 00:16:22,-33.6971,-53.4616,66.47,86,11,12.41
317,Belyy Yar,RU,2021-04-24 00:18:40,53.6039,91.3903,28.4,59,0,4.47
318,Bend,US,2021-04-24 00:15:10,44.0582,-121.3153,63.0,12,100,1.99
319,Cayenne,GF,2021-04-24 00:18:40,4.9333,-52.3333,78.01,94,90,3.44
320,Yumen,CN,2021-04-24 00:18:41,40.2833,97.2,39.78,77,52,3.09
321,Tatarskaya Kargala,RU,2021-04-24 00:18:41,51.9495,55.1731,44.6,93,90,8.95
322,Weligama,LK,2021-04-24 00:18:41,5.9667,80.4167,77.92,87,70,6.24
323,Charters Towers,AU,2021-04-24 00:16:32,-20.1,146.2667,65.97,87,100,10.94
324,Locri,IT,2021-04-24 00:18:42,38.2414,16.2623,55.99,100,90,9.22
325,Arraial Do Cabo,BR,2021-04-24 00:18:42,-22.9661,-42.0278,74.46,77,38,14.05
326,Burns Lake,CA,2021-04-24 00:18:42,54.2331,-125.7533,55.4,21,68,8.05
327,Rajgarh,IN,2021-04-24 00:18:43,28.6333,75.3833,72.23,47,0,6.04
328,Naze,JP,2021-04-24 00:18:43,28.3667,129.4833,68.0,77,75,25.32
329,Aquiraz,BR,2021-04-24 00:18:43,-3.9014,-38.3911,80.6,89,40,3.44
330,Mahanoro,MG,2021-04-24 00:18:44,-19.9,48.8,71.06,93,28,7.23
331,Umm Kaddadah,SD,2021-04-24 00:18:29,13.6017,26.6876,82.35,15,39,7.45
332,Tucuman,AR,2021-04-24 00:18:44,-26.8241,-65.2226,68.0,94,90,4.12
333,Yar-Sale,RU,2021-04-24 00:18:44,66.8333,70.8333,33.85,98,100,9.51
334,Konstantinovka,RU,2021-04-24 00:18:45,49.6167,127.9833,42.3,29,1,11.92
335,Nome,US,2021-04-24 00:18:45,64.5011,-165.4064,41.0,60,1,5.75
336,Bandraboua,YT,2021-04-24 00:18:45,-12.7044,45.1223,78.8,89,75,10.36
337,Benguela,AO,2021-04-24 00:18:45,-12.5763,13.4055,79.52,88,96,4.43
338,Leningradskiy,RU,2021-04-24 00:18:46,69.3833,178.4167,29.08,83,99,3.71
339,Aklavik,CA,2021-04-24 00:18:46,68.2191,-135.0107,39.2,45,75,3.44
340,Meulaboh,ID,2021-04-24 00:18:46,4.1363,96.1285,76.96,85,100,3.13
341,Dengzhou,CN,2021-04-24 00:18:47,37.8086,120.7508,49.77,96,100,19.15
342,Soe,ID,2021-04-24 00:18:47,-9.8607,124.284,72.39,72,7,3.0
343,Jawhar,SO,2021-04-24 00:18:47,2.7809,45.5005,79.23,78,72,4.74
344,Olinda,BR,2021-04-24 00:18:48,-8.0089,-34.8553,78.8,73,40,6.91
345,Porto Novo,BJ,2021-04-24 00:15:24,6.4965,2.6036,84.2,84,40,11.5
346,Souillac,MU,2021-04-24 00:18:48,-20.5167,57.5167,78.8,83,40,11.5
347,Boden,SE,2021-04-24 00:18:48,65.8252,21.6886,32.0,93,90,14.97
348,Yinchuan,CN,2021-04-24 00:18:49,38.4681,106.2731,52.34,82,100,7.58
349,Port Hardy,CA,2021-04-24 00:15:09,50.6996,-127.4199,53.6,58,90,4.61
350,Tura,IN,2021-04-24 00:18:49,25.5198,90.2201,72.05,37,46,4.85
351,Romny,UA,2021-04-24 00:18:49,50.751,33.4747,37.44,88,77,8.25
352,Palasa,IN,2021-04-24 00:18:50,18.7667,84.4167,78.22,86,83,6.22
353,Thongwa,MM,2021-04-24 00:18:50,16.7619,96.5278,80.6,94,75,3.44
354,Quesnel,CA,2021-04-24 00:15:13,52.9999,-122.5029,55.4,18,1,3.44
355,Adrar,MR,2021-04-24 00:18:51,20.5022,-10.0711,77.81,14,1,10.2
356,Lavrentiya,RU,2021-04-24 00:18:51,65.5833,-171.0,33.24,81,28,3.04
357,Caernarfon,GB,2021-04-24 00:18:51,53.1413,-4.2702,50.0,50,100,2.3
358,Christchurch,NZ,2021-04-24 00:16:11,-43.5333,172.6333,66.2,55,58,8.05
359,Longyearbyen,SJ,2021-04-24 00:18:51,78.2186,15.6401,15.8,67,75,8.05
360,Ixtapa,MX,2021-04-24 00:18:52,20.7,-105.2,80.6,65,40,14.97
361,Rio Grande,BR,2021-04-24 00:18:52,-32.035,-52.0986,66.0,92,2,16.89
362,Ahipara,NZ,2021-04-24 00:18:52,-35.1667,173.1667,66.51,62,36,9.51
363,Elizabeth City,US,2021-04-24 00:18:53,36.2946,-76.2511,57.99,41,20,3.44
364,Taltal,CL,2021-04-24 00:18:53,-25.4,-70.4833,62.82,80,10,4.36
365,Asosa,ET,2021-04-24 00:18:53,10.0667,34.5333,66.43,67,50,4.5
366,Matagami,CA,2021-04-24 00:18:54,49.7502,-77.6328,57.2,30,1,9.22
367,Road Town,VG,2021-04-24 00:18:36,18.4167,-64.6167,80.6,74,20,4.61
368,Kuytun,RU,2021-04-24 00:18:54,54.3419,101.5036,33.75,58,100,10.2
369,Vila Velha,BR,2021-04-24 00:18:54,-20.3297,-40.2925,77.0,73,75,8.05
370,Sompeta,IN,2021-04-24 00:18:55,18.9333,84.6,79.86,80,85,8.9
371,Marsh Harbour,BS,2021-04-24 00:18:55,26.5412,-77.0636,72.9,69,64,13.62
372,Zhigalovo,RU,2021-04-24 00:18:55,54.8097,105.1578,31.95,73,100,3.29
373,Nishihara,JP,2021-04-24 00:18:55,26.1842,127.7558,69.8,78,75,17.27
374,Tarakan,ID,2021-04-24 00:18:56,3.3,117.6333,78.8,89,20,4.61
375,Villa Rica,US,2021-04-24 00:16:36,33.7321,-84.9191,64.0,61,86,5.06
376,Flinders,AU,2021-04-24 00:14:11,-34.5833,150.8552,66.0,61,93,1.01
377,Aban,RU,2021-04-24 00:18:56,56.67,96.06,33.22,68,100,9.95
378,Ambon,ID,2021-04-24 00:18:56,-3.6954,128.1814,87.8,70,40,2.3
379,Acari,PE,2021-04-24 00:16:25,-15.4311,-74.6158,69.64,82,32,4.03
380,Ust-Ishim,RU,2021-04-24 00:18:57,57.6935,71.1665,36.97,63,100,6.58
381,Maniitsoq,GL,2021-04-24 00:18:57,65.4167,-52.9,31.87,73,12,6.85
382,Husavik,IS,2021-04-24 00:16:12,66.0449,-17.3389,39.2,87,0,2.3
383,Tabou,CI,2021-04-24 00:18:58,4.423,-7.3528,80.22,85,87,7.99
384,Stykkisholmur,IS,2021-04-24 00:18:58,65.0757,-22.7297,43.79,88,100,6.8
385,San Cristobal,VE,2021-04-24 00:18:58,7.7669,-72.225,84.2,70,20,2.3
386,Esperance,AU,2021-04-24 00:17:21,-33.8667,121.9,57.2,88,100,11.5
387,Erzin,TR,2021-04-24 00:18:58,36.9559,36.2,62.01,60,90,8.01
388,Maceio,BR,2021-04-24 00:18:59,-9.6658,-35.7353,75.2,94,0,3.44
389,Victoria,HK,2021-04-24 00:18:13,22.2855,114.1577,78.01,85,40,1.99
390,Alofi,NU,2021-04-24 00:15:17,-19.0595,-169.9187,86.0,70,12,9.22
391,Corowa,AU,2021-04-24 00:18:59,-36.0333,146.3833,53.01,80,11,4.92
392,Shingu,JP,2021-04-24 00:16:37,33.7333,135.9833,62.6,67,75,4.61
393,Lumphat,KH,2021-04-24 00:19:00,13.4878,106.9816,78.64,84,44,2.13
394,Dickinson,US,2021-04-24 00:14:34,29.4608,-95.0513,75.99,88,90,14.97
395,Mitsamiouli,KM,2021-04-24 00:19:00,-11.3847,43.2844,80.64,80,62,14.16
396,Yamada,JP,2021-04-24 00:19:00,39.4667,141.95,57.74,51,8,6.6
397,Loukhi,RU,2021-04-24 00:19:01,66.0764,33.0381,33.13,98,100,2.04
398,Finschhafen,PG,2021-04-24 00:19:01,-6.6024,147.8681,81.01,79,98,3.11
399,Rundu,NA,2021-04-24 00:19:01,-17.9333,19.7667,58.73,46,6,5.61
400,Lahat,ID,2021-04-24 00:19:02,-3.8,103.5333,71.53,92,30,2.3
401,Oga,IT,2021-04-24 00:19:02,46.4631,10.347,50.0,74,0,2.3
402,Kumluca,TR,2021-04-24 00:19:02,36.3703,30.2869,67.03,52,5,3.29
403,Borovichi,RU,2021-04-24 00:19:03,58.3878,33.9155,33.66,83,33,3.6
404,Edeia,BR,2021-04-24 00:19:03,-17.3383,-49.9314,68.36,52,0,0.6
405,Magadan,RU,2021-04-24 00:19:03,59.5667,150.8,28.22,84,91,1.43
406,Escanaba,US,2021-04-24 00:19:04,45.7453,-87.0646,53.6,47,75,5.75
407,Shizunai,JP,2021-04-24 00:19:04,42.3339,142.3669,47.46,68,93,5.01
408,Yulara,AU,2021-04-24 00:16:44,-25.2406,130.9889,66.2,42,1,10.36
409,Avila,ES,2021-04-24 00:19:04,40.5833,-5.0,48.99,87,86,11.99
410,Kampong Cham,KH,2021-04-24 00:19:05,11.9934,105.4635,80.17,76,82,6.69
411,Raudeberg,NO,2021-04-24 00:19:05,61.9875,5.1352,34.0,85,65,11.99
412,Hamilton,US,2021-04-24 00:16:18,39.1834,-84.5333,57.2,44,90,3.44
413,Carmo,BR,2021-04-24 00:19:05,-21.9336,-42.6086,63.09,87,2,4.45
414,Panzhihua,CN,2021-04-24 00:19:05,26.5851,101.7128,68.41,36,22,2.21
415,Aksu,CN,2021-04-24 00:16:15,41.1231,80.2644,48.34,46,0,6.76
416,Gat,IL,2021-04-24 00:15:04,31.61,34.7642,66.99,100,84,2.73
417,Saint-Raymond,CA,2021-04-24 00:19:06,45.467,-73.6095,57.0,30,61,3.44
418,Eslov,SE,2021-04-24 00:19:06,55.8393,13.3039,41.0,100,4,4.34
419,Chara,RU,2021-04-24 00:17:24,56.9064,118.2631,28.54,73,19,3.85
420,Nhulunbuy,AU,2021-04-24 00:19:07,-12.2333,136.7667,86.0,48,89,19.57
421,Luzino,RU,2021-04-24 00:19:07,54.9481,73.0353,30.2,47,0,2.24
422,Vangaindrano,MG,2021-04-24 00:19:07,-23.35,47.6,69.57,91,70,2.8
423,Auki,SB,2021-04-24 00:19:08,-8.7676,160.7034,85.82,63,53,1.19
424,Vila,PT,2021-04-24 00:19:08,42.0304,-8.1588,54.0,94,90,4.0
425,Carballo,ES,2021-04-24 00:19:08,43.213,-8.691,59.0,88,66,3.0
426,Impfondo,CG,2021-04-24 00:19:09,1.6381,18.0667,71.47,98,100,3.67
427,Viru,PE,2021-04-24 00:19:09,-8.4167,-78.75,64.4,88,20,5.75
428,Lucapa,AO,2021-04-24 00:19:09,-8.4192,20.7447,66.27,93,91,2.19
429,Quatre Cocos,MU,2021-04-24 00:18:05,-20.2078,57.7625,78.8,83,40,11.5
430,Ambunti,PG,2021-04-24 00:19:10,-4.2365,142.8448,79.25,87,100,1.63
431,Palmer,US,2021-04-24 00:16:22,42.1584,-72.3287,55.4,30,1,8.05
432,Gojra,PK,2021-04-24 00:17:59,31.1487,72.6866,67.23,49,0,4.74
433,Sao Jose Da Coroa Grande,BR,2021-04-24 00:19:10,-8.8978,-35.1478,78.55,80,7,7.43
434,Luderitz,NA,2021-04-24 00:19:10,-26.6481,15.1594,63.36,76,25,6.26
435,Grindavik,IS,2021-04-24 00:19:11,63.8424,-22.4338,46.4,87,90,9.22
436,Sechura,PE,2021-04-24 00:19:11,-5.5569,-80.8222,74.61,63,6,16.69
437,Puerto Ayacucho,VE,2021-04-24 00:19:11,5.6639,-67.6236,84.78,63,34,3.62
438,Necochea,AR,2021-04-24 00:19:12,-38.5473,-58.7368,60.01,96,100,1.92
439,Brigantine,US,2021-04-24 00:18:26,39.4101,-74.3646,57.2,35,1,10.36
440,Falmouth,GB,2021-04-24 00:19:12,50.1544,-5.0711,51.8,76,100,21.65
441,Vao,NC,2021-04-24 00:19:12,-22.6667,167.4833,75.63,75,79,13.71
442,Jalu,LY,2021-04-24 00:19:13,29.0331,21.5482,74.93,16,0,14.05
443,Sholokhovskiy,RU,2021-04-24 00:19:13,48.2807,41.0459,48.88,81,100,7.47
444,Urgut,UZ,2021-04-24 00:19:13,39.4022,67.2431,55.4,50,39,2.3
445,Port-Gentil,GA,2021-04-24 00:17:32,-0.7193,8.7815,81.19,82,86,7.72
446,Tabora,TZ,2021-04-24 00:19:14,-5.0167,32.8,66.2,88,20,5.75
447,Ordynskoye,RU,2021-04-24 00:19:14,54.3656,81.8994,32.16,89,9,6.38
448,Tateyama,JP,2021-04-24 00:19:14,34.9833,139.8667,60.8,63,75,10.36
449,Bud,US,2021-04-24 00:19:15,39.447,-86.1758,57.2,44,90,4.61
450,Jieshou,CN,2021-04-24 00:19:15,33.2634,115.3611,54.23,86,100,14.07
451,Dangtu,CN,2021-04-24 00:19:15,31.5723,118.4928,60.8,82,40,8.95
452,Hondo,JP,2021-04-24 00:17:36,32.45,130.2,68.0,68,0,5.75
453,Ternate,ID,2021-04-24 00:19:16,0.8,127.4,82.99,75,47,5.41
454,Pontivy,FR,2021-04-24 00:19:16,48.0,-3.0,57.2,43,0,13.8
455,Linares,CL,2021-04-24 00:19:16,-35.85,-71.6,56.52,69,0,5.39
456,Rach Gia,VN,2021-04-24 00:19:17,10.0167,105.0833,80.6,94,20,4.61
457,Mujiayingzi,CN,2021-04-24 00:18:21,42.1167,118.7833,49.55,75,100,8.86
458,Bilma,NE,2021-04-24 00:16:24,18.6853,12.9164,86.52,10,33,9.57
459,Bonavista,CA,2021-04-24 00:19:17,48.6499,-53.1147,39.0,70,86,8.05
460,Shenjiamen,CN,2021-04-24 00:19:17,29.9576,122.298,61.0,93,100,6.49
461,Tombouctou,ML,2021-04-24 00:19:18,20.0,-3.0,86.79,12,0,6.51
462,Mildmay,CA,2021-04-24 00:19:18,44.0501,-81.1164,53.6,37,29,5.75
463,Nanortalik,GL,2021-04-24 00:19:18,60.1432,-45.2371,36.1,87,14,3.29
464,Lasa,IT,2021-04-24 00:19:19,46.6166,10.7002,46.0,65,0,4.61
465,San Vicente,AR,2021-04-24 00:19:19,-26.6167,-54.1333,64.54,69,82,1.1
466,Ust-Tsilma,RU,2021-04-24 00:19:19,65.441,52.1498,37.83,92,78,4.29
467,Kununurra,AU,2021-04-24 00:19:19,-15.7667,128.7333,82.4,26,65,14.97
468,Talnakh,RU,2021-04-24 00:19:20,69.4865,88.3972,31.68,97,100,9.89
469,Shimanovsk,RU,2021-04-24 00:18:12,52.0,127.7,40.66,32,22,14.76
470,Trelleborg,SE,2021-04-24 00:19:20,55.3751,13.1569,41.0,81,0,5.75
471,Sola,VU,2021-04-24 00:17:57,-13.8833,167.55,87.8,74,40,4.61
472,La Grande,US,2021-04-24 00:19:20,45.3246,-118.0877,64.99,32,100,2.59
473,San Patricio,US,2021-04-24 00:19:21,28.017,-97.5169,82.4,83,75,20.71
474,Mineral Wells,US,2021-04-24 00:18:31,32.8085,-98.1128,71.01,88,75,14.97
475,Challapata,BO,2021-04-24 00:19:21,-18.9,-66.7667,47.98,29,54,8.59
476,Anadyr,RU,2021-04-24 00:16:47,64.75,177.4833,23.0,80,0,4.47
477,Innisfail,AU,2021-04-24 00:19:22,-17.5333,146.0333,69.01,94,100,5.99
478,Suntar,RU,2021-04-24 00:19:22,62.1444,117.6319,34.61,82,100,9.6
479,Tiznit,MA,2021-04-24 00:19:22,29.5833,-9.5,58.78,85,73,4.45
480,Eyl,SO,2021-04-24 00:19:22,7.9803,49.8164,82.65,75,95,7.56
481,Malibago,PH,2021-04-24 00:19:23,13.2783,122.0228,80.37,71,69,7.11
482,Channel-Port Aux Basques,CA,2021-04-24 00:19:23,47.5702,-59.1367,34.92,91,100,16.67
483,Tiarei,PF,2021-04-24 00:19:23,-17.5333,-149.3333,86.0,70,40,9.22
484,Hailar,CN,2021-04-24 00:19:24,49.2,119.7,40.33,20,100,6.02
485,Hobyo,SO,2021-04-24 00:19:24,5.3505,48.5268,82.8,74,80,9.75
486,Kurtamysh,RU,2021-04-24 00:19:24,54.9103,64.4319,42.98,52,100,9.93
487,Manhattan,US,2021-04-24 00:16:53,40.7834,-73.9662,62.6,20,1,9.82
488,Am Timan,TD,2021-04-24 00:19:25,11.0297,20.2827,85.78,39,60,6.69
489,Hermosillo,MX,2021-04-24 00:15:02,29.0667,-110.9667,87.8,12,1,6.91
490,Grand-Santi,GF,2021-04-24 00:19:25,4.25,-54.3833,73.6,99,99,2.57
491,Kropotkin,RU,2021-04-24 00:19:25,45.4375,40.5756,52.07,77,100,5.17
492,Lincoln,US,2021-04-24 00:17:53,40.8,-96.667,64.4,39,1,4.41
493,Nouadhibou,MR,2021-04-24 00:19:26,20.931,-17.0347,64.4,88,0,17.27
494,Tonekabon,IR,2021-04-24 00:19:26,36.8163,50.8738,59.0,88,75,2.3
495,Morant Bay,JM,2021-04-24 00:19:27,17.8815,-76.4093,80.6,78,20,11.5
496,Bloomfield,US,2021-04-24 00:19:27,40.8068,-74.1854,62.6,19,1,5.75
497,Batemans Bay,AU,2021-04-24 00:19:27,-35.7167,150.1833,64.0,49,33,0.49
498,Troitskoye,RU,2021-04-24 00:19:27,52.9821,84.6757,30.6,86,100,6.08
499,Aleksandrov Gay,RU,2021-04-24 00:19:28,50.147,48.5704,44.19,92,87,5.23
500,Nabire,ID,2021-04-24 00:17:14,-3.3667,135.4833,83.55,73,54,1.25
501,Hylkje,NO,2021-04-24 00:19:28,60.5103,5.3544,37.0,89,13,7.99
502,Nuuk,GL,2021-04-24 00:19:28,64.1835,-51.7216,30.2,100,75,10.36
503,Klaksvik,FO,2021-04-24 00:19:29,62.2266,-6.589,42.8,100,73,5.75
504,Ketou,BJ,2021-04-24 00:19:29,7.3633,2.5998,78.96,86,99,3.89
505,Razole,IN,2021-04-24 00:19:29,16.4833,81.8333,78.04,89,95,0.56
506,Baia De Aries,RO,2021-04-24 00:19:30,46.3833,23.2833,37.4,81,1,5.75
507,Nanakuli,US,2021-04-24 00:19:30,21.3906,-158.1547,82.4,54,75,11.5
508,Deputatskiy,RU,2021-04-24 00:19:30,69.3,139.9,10.0,82,22,2.44
509,Rokytne,UA,2021-04-24 00:19:30,51.2796,27.214,35.31,79,56,8.77
510,Pocone,BR,2021-04-24 00:19:31,-16.2567,-56.6228,79.2,46,19,5.12
511,Sand,DE,2021-04-24 00:19:31,50.0,10.6,39.99,77,12,2.46
512,Honiara,SB,2021-04-24 00:19:31,-9.4333,159.95,85.3,70,67,3.56
513,Rawson,AR,2021-04-24 00:19:32,-43.3002,-65.1023,56.21,64,13,16.08
514,Motomiya,JP,2021-04-24 00:19:32,37.5167,140.4,57.0,58,0,3.44
515,Yaan,NG,2021-04-24 00:19:32,7.3833,8.5667,76.44,83,100,6.98
516,Genhe,CN,2021-04-24 00:19:33,50.7833,121.5167,39.02,21,40,6.24
517,Walvis Bay,NA,2021-04-24 00:19:33,-22.9575,14.5053,61.0,82,3,4.61
518,Neuquen,AR,2021-04-24 00:15:51,-38.9516,-68.0591,55.4,82,0,3.65
519,Ulladulla,AU,2021-04-24 00:19:33,-35.35,150.4667,62.6,51,64,9.22
520,Mogadishu,SO,2021-04-24 00:16:37,2.0371,45.3438,82.53,71,77,9.84
521,Cabo Rojo,PR,2021-04-24 00:19:34,18.0866,-67.1457,80.01,80,65,1.01
522,Fukue,JP,2021-04-24 00:19:34,32.6881,128.8419,66.2,82,0,8.05
523,Itarema,BR,2021-04-24 00:19:34,-2.9248,-39.9167,79.45,80,46,11.07
524,Ulaanbaatar,MN,2021-04-24 00:19:35,47.9077,106.8832,42.8,31,40,8.95
525,Camapua,BR,2021-04-24 00:19:35,-19.5314,-54.0439,73.81,33,1,6.78
526,Pingliang,CN,2021-04-24 00:19:35,35.5392,106.6861,48.33,96,100,5.17
527,Tuy Hoa,VN,2021-04-24 00:19:36,13.0833,109.3,80.17,79,47,3.4
528,San Juan,AR,2021-04-24 00:19:36,-31.5375,-68.5364,66.33,48,16,9.84
529,Saint Anthony,US,2021-04-24 00:19:36,45.0205,-93.218,48.2,81,90,1.83
530,Oussouye,SN,2021-04-24 00:19:37,12.485,-16.5469,75.2,88,0,6.91
531,Verkhnevilyuysk,RU,2021-04-24 00:19:37,63.4453,120.3167,27.91,90,99,3.83
532,Altay,CN,2021-04-24 00:19:37,47.8667,88.1167,22.98,62,38,2.82
533,Marsabit,KE,2021-04-24 00:19:38,2.3284,37.9899,65.86,80,23,13.62
534,Hedaru,TZ,2021-04-24 00:19:38,-4.5,37.9,67.89,93,15,3.8
535,Medina,SA,2021-04-24 00:19:38,24.4686,39.6142,87.8,11,40,1.66
536,Yurla,RU,2021-04-24 00:19:38,59.3259,54.3223,39.24,92,99,5.57
537,Praia Da Vitoria,PT,2021-04-24 00:19:39,38.7333,-27.0667,57.2,72,40,33.82
538,Lakselv,NO,2021-04-24 00:19:39,70.0513,24.9718,32.0,86,75,14.97
539,Ararangua,BR,2021-04-24 00:19:39,-28.9347,-49.4858,64.42,93,7,3.18
540,Imeni Poliny Osipenko,RU,2021-04-24 00:19:40,52.4201,136.4853,40.64,39,25,6.17
541,Mackenzie,CA,2021-04-24 00:19:40,55.2999,-123.1698,44.6,42,20,10.36
542,Bathsheba,BB,2021-04-24 00:19:40,13.2167,-59.5167,80.6,61,40,16.11
543,Ballitoville,ZA,2021-04-24 00:18:14,-29.539,31.2144,66.99,72,75,12.66
544,Paamiut,GL,2021-04-24 00:19:41,61.994,-49.6678,31.66,79,1,3.06
545,Stendal,DE,2021-04-24 00:19:41,52.6,11.85,41.0,75,85,1.01
546,Billings,US,2021-04-24 00:17:03,45.7833,-108.5007,39.99,65,75,3.44
547,Clarence Town,AU,2021-04-24 00:19:41,-32.5833,151.7833,64.0,59,98,12.66
548,Dryden,CA,2021-04-24 00:19:42,49.7833,-92.7503,28.4,86,90,8.05
549,Bara,NG,2021-04-24 00:19:42,10.3744,10.7288,82.87,53,44,9.37
550,Sabang,ID,2021-04-24 00:19:42,5.8933,95.3214,82.87,72,100,17.02
551,Cidreira,BR,2021-04-24 00:19:43,-30.1811,-50.2056,70.65,79,1,17.4
552,Macusani,PE,2021-04-24 00:19:43,-14.0833,-70.4333,34.66,92,40,4.23
553,Rudnyy,KZ,2021-04-24 00:19:43,52.9594,63.1206,44.6,42,0,11.18
554,Bratsk,RU,2021-04-24 00:17:24,56.1325,101.6142,33.8,34,100,8.95
555,Kloulklubed,PW,2021-04-24 00:19:44,7.0419,134.2556,86.0,74,40,10.36
556,Neijiang,CN,2021-04-24 00:19:44,29.5835,105.0622,67.14,90,100,7.14
557,Lelystad,NL,2021-04-24 00:19:44,52.5083,5.475,42.01,76,67,1.99
558,Rosetta,EG,2021-04-24 00:19:44,31.4044,30.4164,62.6,82,0,6.91
559,Olga,RU,2021-04-24 00:19:45,43.7444,135.2892,62.29,53,100,4.83
560,San Borja,BO,2021-04-24 00:19:45,-14.8167,-66.85,73.62,96,26,1.83
561,Pontianak,ID,2021-04-24 00:19:45,-0.0333,109.3333,77.0,94,20,3.44
562,Yibin,CN,2021-04-24 00:19:46,28.7667,104.6238,70.75,86,93,3.44
563,Kautokeino,NO,2021-04-24 00:19:46,69.0125,23.0412,17.74,93,73,11.99
564,Los Llanos De Aridane,ES,2021-04-24 00:19:46,28.6585,-17.9182,68.0,60,0,6.91
565,Bilibino,RU,2021-04-24 00:19:47,68.0546,166.4372,23.58,81,97,3.62
566,Sikandra,IN,2021-04-24 00:19:47,26.3667,79.65,80.94,25,54,5.53
567,Rosarito,MX,2021-04-24 00:19:47,32.3333,-117.0333,62.6,77,90,11.5
568,Meadow Lake,US,2021-04-24 00:19:47,34.8014,-106.5436,64.99,19,40,16.11
569,San Policarpo,PH,2021-04-24 00:19:48,12.1791,125.5072,81.14,82,100,7.7
570,Iskateley,RU,2021-04-24 00:19:48,67.6803,53.1512,30.52,91,58,3.94
571,Chapais,CA,2021-04-24 00:17:56,49.7834,-74.8492,46.4,39,1,8.05
572,Marrakesh,MA,2021-04-24 00:18:48,31.6315,-8.0083,62.6,72,87,8.05
